token_address,name,symbol
0xcd5fb50c82590b9d11474ff19d085eba3c483e57,Bit USD,BITUSD
0xeea6a9166a382db43cf429e6b232a6666332ef4c,BŒùB                                           ·†é,BŒùB                                           ·†é
0x479763d77cb82155a27fbb94c11f055064473e17,B·†éN·†éB,B·†éN·†éB
0xae2b2b6b879caf2cf9340e0b96901973590654b6,B·†éŒù·†éB,B·†éŒù·†éB
0x64a308881990c70826676b908e54054fac0f1a96,B·†éŒù·†éB,B·†éŒù·†éB
0xd6a94978a51796e0b570446f5fe6f616fe08a4f2,B·†éŒù·†éB,B·†éŒù·†éB
0x76251603b6c7df8d06e7fade0c47ccc1d31d801c,B·†éŒù·†éB,B·†éŒù·†éB
0x6b951017a3212edc6b275976bfdd50969f6e1c62,Food Pyramid USDC,FUSDC
0x48d984dad97e29590e131598d0b27d5d49eaaeac,Fath Proxy USD,FUSDT
0x3242aebcdcf8de491004b1c98e6595e9827f6c17,Global USD Token,GUSDT
0x4827e558e642861cd7a1c8f011b2b4661f8d51fa,Jarvis Reward Token Smart Relay Token,JRTUSDB
0xa861518c1be7e7aae65f203d6cbe23e2612c0fc3,LoopringVaultUSDC,LVUSDC
0x21efeb62dc81659a09786a57e75aeee43aaf4889,PUSDT,PUSDT
0xe37afa3aa95e153b8dd0fe8456cbf345cb4c51f7,SUSDC,SUSDC
0xa33ace59e4b0d9a45cd4a3f0dbab86d87bdd67e2,SUSDC,SUSDC
0xc2f256382db296244420746d82b5895ec284c9e6,Unipilot WETH/USDT Active Vault,ULP-WETH/USDT-AV
0xf3c1f75e58a114bde1940be7e4f63af6b35817fc,Panama,USD
0x6ca9d0b650c7a4b3871ea898b9f1a7fd27fb1d58,USD,USD
0xf79e4294f721caec2d5a5b6ef59f580ea572e814,USD,USD
0x7ad9335e172d3dd5f410fb44e43597f26374b2a5,Universal Basic Income USD Aug 2020,USD
0x40477ca2ad46cc037a6860eb299d300fecc9997c,Dollar,USD
0x22a39c2dd54b71ac884657bb3e37308abe2d02e1,USD,USD
0x5266cf7ca32aa0c394d90acc6eca9722eaeca176,United State Dollars,USD
0x0653e11b1674958704be64f78c2701ec814e4677,USDT TTHER,USD
0x84d63b29f2c66785e7c33a538e72990a3ac30258,US dollars,USD
0x846bd426e8b85ddddcaf56b1ea1f35801dc275c5,US Dollar,USD.cx
0xf6c0aa7ebfe9992200c67e5388e4f42da49e1783,Psyche,USD1
0x3c7b464376db7c9927930cf50eefdea2eff3a66a,USDA,USDA
0x309627af60f0926daa6041b8279484312f2bf060,Bancor USD Token,USDB
0x9ec1f743d192f524a9cceafdf838a042426aaf0e,USDB,USDB
0xd1146b08e8104eedba44a73b7bda1d102c6cedc9,USDB / BNT Relay Token,USDB / BNT
0xb7c6338e83746250116250c27eb610971be8a5f7,USD Coinv1,USDCv1
0x3e3c78ed62903bb6b6be7b303b32f247a67f6c29,EXWORTH FUND USD,USDE
0xb0399c2fb7958d8d0fde93ec58c4efa1ba501375,USD Equalizer,USDEQ
0xbd62253c8033f3907c0800780662eab7378a4b96,United States dollar of Galaxy,USDG
0x51afee9c1133fad23f8cb675b7ee29d2f267c841,HO USD,USDH
0x89c08383442efe6a88a87a095a37fee274b9d9a7,LiveUSD,USDL
0xef31ff997e810acab2e044b49893598fef4e90c4,USDM0,USDM0
0x4954db6391f4feb5468b6b943d4935353596aec9,USDQ Stablecoin by Q DAO v1.0,USDQ
0xa4bdb11dc0a2bec88d24a3aa1e6bb17201112ebe,StableUSD,USDS
0xed8934f8e4ea39c6761e14c2b49f43a78b8def4b,USDT-ERC20,USDT-ERC20
0x5053a911d1ae116ab49f7e08b39ca8a4d94a5c0a,USDT-ERC20,USDT-ERC20
0xe989cc33ad28348adc9fd78d509e7bb7a04ddf0d,USDT-ERC20 Token,USDT-ERC20
0x5365b5bc56493f08a38e5eb08e36cbbe6fcc8306,USDT Main Token Relay,USDTBNT
0xe9e8fe77b4611691dfe51551629916e00460fa8d,USDT Mining,USDTM
0x04555b4f4b09aca3c0d0523ec95535376c58ce57,USDT„Ö§,USDT„Ö§
0x5f8980ec3b79783f3fb77ab2d8c5eaa44c268b95,USDW,USDW
0xe4b70f9ddbb286f3cfa836e0fd970479f3193252,USD ZeroGas,USDZ
0x866dbf56c518c1ed46fcd215285be43e7c1ad928,United States Federal Reserve System,USDollar
0x5cc676c82ef59252a2c87b0e7d6a27b6b1241117,ACCOUNTINDOLLARS,USDs
0x5541b24cf410a081f550a2f7ac7141d7e2080e27,BABB USDx,USDx
0xc6e9d9a2663879add56acef4dd2e04b2ce1c04f6,USDollarToken,USD≈¶
0xf3135c779ce72c9b67afa853c3a8699242826ed7,USDollarToken,USD≈¶
0xd6ba0c40f6e29747086a1edbb7299852fae40707,USD Coin,USD–°
0x3784b5d7b9256a8ec773d4bceab7b1abdc5c5aba,USD Coin,USD–°
0xae7ba4a75b3c2781e8937526372f731a21adce3b,USD Coin,USD–°
0x1d70eae23db8c98b5e2a7746110aa49373c0ebd0,–¢ether USD,USD–¢
0xe39b7982d628edff39f9cc4c7b98d92eb75baa38,–¢ether USD,USD–¢
0x07a5ef57368b06aff083e7ff2e48427f4625eb53,–¢ether USD,USD–¢
0x0755bf4a88cf59aded7f8800ef34cca8a8105cfe,USDùñ≥-ERC20,USDùñ≥-ERC20
0xb961b84c7bea4a4a30db6a5bbab54765e7a9c203,USDùñ≥-ERC20,USDùñ≥-ERC20
0x5dcdf0633f829ceaa8feb7c21afc3212328828dd,US dollar - CBRC,USdollar
0x771e0efc1a767ebb6aa694eb8bcfccc657811601,T‚Äçet‚Äç‚Äçh‚Äçer U‚ÄçSD,U‚ÄçSDT-E‚ÄçRC20
0x73741f1882766e6ab92a0d61e06b421dda3aacfb,fija USDC crvUSD CurveConvex FIFI,fjUSDC
0x65c8c0bda98860bdd8de0aa649b25bb13a486f1c,fija USDC Morpho Steakhouse FTFT,fjUSDC
0xd484d1697c4e21253c66d3f7536259c141394bfe,fija USDC crvUSD CurveConvex FIVT,fjUSDC
0xf64834819a0014fb4167c0aa344a68e9dd7fc0b4,fija USDC crvUSD CurveConvex FTFT,fjUSDC
0x664fe8f29d976c1e8310d94d229bacd977962f25,fija USDT crvUSD CurveConvex FTFT,fjUSDT
0x78b01ff3bc9d2393dbfc880e3e50ec6e39c5fd56,fija USDT crvUSD CurveConvex FIBX,fjUSDT
0x9f65af5529f0c15f782dce303b34efa96c8fb4ec,fija USDT crvUSD CurveConvex FIVT,fjUSDT
0xdaa2ce2fce03104a37ef30076b4372fa3911132e,Few Wrapped PlusUSD Coin,fwPUSDC
0xafe9f2fe17b1724461f4939b6bc43fd26a0af2b9,Few Wrapped USD Coin,fwUSDC
0xe384af9815a78b1d9587813b62a025684a363246,Few Wrapped USD Coin,fwUSDC
0xf60e2eef63f35de700ca55bf30b24902cbc17d0c,Few Wrapped USD Coin,fwUSDC
0x4bfcd80e3ccf58bb97f6ca8be1aff948fb82d818,Few Wrapped USD Coin,fwUSDC
0xe53445ed0c4227a5e064f689f6e9a1364fcfec4d,Few Wrapped USD Coinv1,fwUSDCv1
0xb1479fb8eb51ba67099734f243d6610ecb7d39bd,Few Wrapped Usdc,fwusdc
0xfd53ca92811f8ee958f72756542c578079f3e437,Few Wrapped Usdc,fwusdc
0x53744e2990dcfc0418be0fda5feb7241e144da45,Few Wrapped Usdc,fwusdc
0x02306b1ba9b981d8c0706311df92ca66a0bfaf82,Few Wrapped Usdc,fwusdc
0x56fffb42058e5dc12566b973bf15a99919683605,Few Wrapped Usdc,fwusdc
0x11dc51f0e423fe412f3eec1a24b261254ace6cb0,Few Wrapped Usdc,fwusdc
0x67e4e8e4e5911ef1ab9eeedf646d86d58c937a17,Few Wrapped Usdc,fwusdc
0xf75324293dd1bbf2b923d18c1f82b98b7632d4d8,Few Wrapped Usdc,fwusdc
0x0816a5540130e8bfb3c133238afdfde43d79aa61,Few Wrapped Usdc,fwusdc
0x0749acbfd92beedf166e22ad9f76a150e3f2b1a0,Few Wrapped Usdc,fwusdc
0x27a08470c5a21dbd32358c35e747e784fc0d6e39,Few Wrapped Usdc,fwusdc
0x790d49eb9a8fc9f8db47e0f005354e62e262caf9,Few Wrapped Usdc,fwusdc
0x0c1a7cfc840c7e3c5ef2ab12e41550976acda34b,simulation usdt,susdt
0x0e26eaf6d4deb717ac22e67a306af3cb2cdb7bf2,tUSDT,tUSDT
0x70b6b81a93f57cdfda8f0320fa189fb37b644bee,tUSDT,tUSDT
0x1205104657a5d625c8d73636b027b1bd65ec8cdc,USDT,usd